"case","theta0","psi_ic_m","time_h","time_day","distance_cm","pH_obs","pH_measurement_sd","prediction"
"theta020","0.2","-166.9363086307076","0.0","0.0","2.5","7.01","0.1077032961426901","6.9999995"
"theta020","0.2","-166.9363086307076","0.0","0.0","7.5","7.07","0.1077032961426901","6.9999995"
"theta020","0.2","-166.9363086307076","0.0","0.0","12.5","6.99","0.1077032961426901","6.9999995"
"theta020","0.2","-166.9363086307076","0.0","0.0","17.5","6.98","0.1077032961426901","6.9999995"
"theta020","0.2","-166.9363086307076","1.000008","0.041667","2.5","10.42","0.1077032961426901","10.338357"
"theta020","0.2","-166.9363086307076","1.000008","0.041667","7.5","10.83","0.1077032961426901","10.6844845"
"theta020","0.2","-166.9363086307076","1.000008","0.041667","12.5","10.84","0.1077032961426901","10.766338"
"theta020","0.2","-166.9363086307076","1.000008","0.041667","17.5","10.64","0.1077032961426901","10.816296"
"theta020","0.2","-166.9363086307076","1.999992","0.083333","2.5","10.49","0.1077032961426901","10.339577"
"theta020","0.2","-166.9363086307076","1.999992","0.083333","7.5","10.75","0.1077032961426901","10.6958885"
"theta020","0.2","-166.9363086307076","1.999992","0.083333","12.5","10.84","0.1077032961426901","10.779041"
"theta020","0.2","-166.9363086307076","1.999992","0.083333","17.5","10.58","0.1077032961426901","10.829135"
"theta020","0.2","-166.9363086307076","3.0","0.125","2.5","10.35","0.1077032961426901","10.33385"
"theta020","0.2","-166.9363086307076","3.0","0.125","7.5","10.80","0.1077032961426901","10.700632"
"theta020","0.2","-166.9363086307076","3.0","0.125","12.5","10.85","0.1077032961426901","10.785089"
"theta020","0.2","-166.9363086307076","3.0","0.125","17.5","10.67","0.1077032961426901","10.835326"
"theta020","0.2","-166.9363086307076","4.000008","0.166667","2.5","10.39","0.1077032961426901","10.327639"
"theta020","0.2","-166.9363086307076","4.000008","0.166667","7.5","10.83","0.1077032961426901","10.7051935"
"theta020","0.2","-166.9363086307076","4.000008","0.166667","12.5","10.73","0.1077032961426901","10.79096"
"theta020","0.2","-166.9363086307076","4.000008","0.166667","17.5","10.68","0.1077032961426901","10.841346"
"theta020","0.2","-166.9363086307076","4.999992","0.208333","2.5","10.36","0.1077032961426901","10.321017"
"theta020","0.2","-166.9363086307076","4.999992","0.208333","7.5","10.72","0.1077032961426901","10.709672"
"theta020","0.2","-166.9363086307076","4.999992","0.208333","12.5","10.73","0.1077032961426901","10.796755"
"theta020","0.2","-166.9363086307076","4.999992","0.208333","17.5","10.62","0.1077032961426901","10.847294"
"theta020","0.2","-166.9363086307076","6.0","0.25","2.5","10.38","0.1077032961426901","10.313967"
"theta020","0.2","-166.9363086307076","6.0","0.25","7.5","10.79","0.1077032961426901","10.7140665"
"theta020","0.2","-166.9363086307076","6.0","0.25","12.5","10.79","0.1077032961426901","10.802475"
"theta020","0.2","-166.9363086307076","6.0","0.25","17.5","10.70","0.1077032961426901","10.853173"
"theta020","0.2","-166.9363086307076","7.000008","0.291667","2.5","10.33","0.1077032961426901","10.306458"
"theta020","0.2","-166.9363086307076","7.000008","0.291667","7.5","10.86","0.1077032961426901","10.718381"
"theta020","0.2","-166.9363086307076","7.000008","0.291667","12.5","10.85","0.1077032961426901","10.80812"
"theta020","0.2","-166.9363086307076","7.000008","0.291667","17.5","10.57","0.1077032961426901","10.858985"
"theta020","0.2","-166.9363086307076","7.999992","0.333333","2.5","10.29","0.1077032961426901","10.298467"
"theta020","0.2","-166.9363086307076","7.999992","0.333333","7.5","10.83","0.1077032961426901","10.722611"
"theta020","0.2","-166.9363086307076","7.999992","0.333333","12.5","10.77","0.1077032961426901","10.813692"
"theta020","0.2","-166.9363086307076","7.999992","0.333333","17.5","10.59","0.1077032961426901","10.864729"
"theta020","0.2","-166.9363086307076","9.0","0.375","2.5","10.31","0.1077032961426901","10.289957"
"theta020","0.2","-166.9363086307076","9.0","0.375","7.5","10.78","0.1077032961426901","10.726758"
"theta020","0.2","-166.9363086307076","9.0","0.375","12.5","10.93","0.1077032961426901","10.819192"
"theta020","0.2","-166.9363086307076","9.0","0.375","17.5","10.69","0.1077032961426901","10.870406"
"theta020","0.2","-166.9363086307076","10.000008","0.416667","2.5","10.30","0.1077032961426901","10.280899"
"theta020","0.2","-166.9363086307076","10.000008","0.416667","7.5","10.75","0.1077032961426901","10.730821"
"theta020","0.2","-166.9363086307076","10.000008","0.416667","12.5","10.80","0.1077032961426901","10.824616"
"theta020","0.2","-166.9363086307076","10.000008","0.416667","17.5","10.67","0.1077032961426901","10.876017"
"theta020","0.2","-166.9363086307076","10.999992","0.458333","2.5","10.25","0.1077032961426901","10.271253"
"theta020","0.2","-166.9363086307076","10.999992","0.458333","7.5","10.82","0.1077032961426901","10.7347975"
"theta020","0.2","-166.9363086307076","10.999992","0.458333","12.5","10.85","0.1077032961426901","10.829968"
"theta020","0.2","-166.9363086307076","10.999992","0.458333","17.5","10.68","0.1077032961426901","10.881561"
"theta020","0.2","-166.9363086307076","12.0","0.5","2.5","10.35","0.1077032961426901","10.260977"
"theta020","0.2","-166.9363086307076","12.0","0.5","7.5","10.79","0.1077032961426901","10.738691"
"theta020","0.2","-166.9363086307076","12.0","0.5","12.5","10.83","0.1077032961426901","10.835249"
"theta020","0.2","-166.9363086307076","12.0","0.5","17.5","10.63","0.1077032961426901","10.88704"
"theta020","0.2","-166.9363086307076","13.000008","0.541667","2.5","10.28","0.1077032961426901","10.250027"
"theta020","0.2","-166.9363086307076","13.000008","0.541667","7.5","10.92","0.1077032961426901","10.742499"
"theta020","0.2","-166.9363086307076","13.000008","0.541667","12.5","10.85","0.1077032961426901","10.840457"
"theta020","0.2","-166.9363086307076","13.000008","0.541667","17.5","10.75","0.1077032961426901","10.892454"
"theta020","0.2","-166.9363086307076","13.999992","0.583333","2.5","10.26","0.1077032961426901","10.238346"
"theta020","0.2","-166.9363086307076","13.999992","0.583333","7.5","10.76","0.1077032961426901","10.746221"
"theta020","0.2","-166.9363086307076","13.999992","0.583333","12.5","10.84","0.1077032961426901","10.845592"
"theta020","0.2","-166.9363086307076","13.999992","0.583333","17.5","10.74","0.1077032961426901","10.897801"
"theta020","0.2","-166.9363086307076","15.0","0.625","2.5","10.22","0.1077032961426901","10.225878"
"theta020","0.2","-166.9363086307076","15.0","0.625","7.5","10.76","0.1077032961426901","10.749856"
"theta020","0.2","-166.9363086307076","15.0","0.625","12.5","10.82","0.1077032961426901","10.850655"
"theta020","0.2","-166.9363086307076","15.0","0.625","17.5","10.72","0.1077032961426901","10.903086"
"theta020","0.2","-166.9363086307076","16.000008","0.666667","2.5","10.22","0.1077032961426901","10.212558"
"theta020","0.2","-166.9363086307076","16.000008","0.666667","7.5","10.78","0.1077032961426901","10.753404"
"theta020","0.2","-166.9363086307076","16.000008","0.666667","12.5","10.82","0.1077032961426901","10.855646"
"theta020","0.2","-166.9363086307076","16.000008","0.666667","17.5","10.73","0.1077032961426901","10.908306"
"theta020","0.2","-166.9363086307076","16.999992","0.708333","2.5","10.20","0.1077032961426901","10.198311"
"theta020","0.2","-166.9363086307076","16.999992","0.708333","7.5","10.78","0.1077032961426901","10.756864"
"theta020","0.2","-166.9363086307076","16.999992","0.708333","12.5","10.89","0.1077032961426901","10.860566"
"theta020","0.2","-166.9363086307076","16.999992","0.708333","17.5","10.81","0.1077032961426901","10.913464"
"theta020","0.2","-166.9363086307076","18.0","0.75","2.5","10.20","0.1077032961426901","10.183046"
"theta020","0.2","-166.9363086307076","18.0","0.75","7.5","10.84","0.1077032961426901","10.760236"
"theta020","0.2","-166.9363086307076","18.0","0.75","12.5","10.88","0.1077032961426901","10.865416"
"theta020","0.2","-166.9363086307076","18.0","0.75","17.5","10.76","0.1077032961426901","10.918557"
"theta020","0.2","-166.9363086307076","19.000008","0.791667","2.5","10.18","0.1077032961426901","10.166669"
"theta020","0.2","-166.9363086307076","19.000008","0.791667","7.5","10.78","0.1077032961426901","10.763518"
"theta020","0.2","-166.9363086307076","19.000008","0.791667","12.5","10.86","0.1077032961426901","10.8701935"
"theta020","0.2","-166.9363086307076","19.000008","0.791667","17.5","10.78","0.1077032961426901","10.923588"
"theta020","0.2","-166.9363086307076","19.999992","0.833333","2.5","10.20","0.1077032961426901","10.149064"
"theta020","0.2","-166.9363086307076","19.999992","0.833333","7.5","10.81","0.1077032961426901","10.766712"
"theta020","0.2","-166.9363086307076","19.999992","0.833333","12.5","10.83","0.1077032961426901","10.874901"
"theta020","0.2","-166.9363086307076","19.999992","0.833333","17.5","10.75","0.1077032961426901","10.9285555"
"theta020","0.2","-166.9363086307076","21.0","0.875","2.5","10.00","0.1077032961426901","10.1300955"
"theta020","0.2","-166.9363086307076","21.0","0.875","7.5","10.77","0.1077032961426901","10.769815"
"theta020","0.2","-166.9363086307076","21.0","0.875","12.5","10.89","0.1077032961426901","10.879538"
"theta020","0.2","-166.9363086307076","21.0","0.875","17.5","10.74","0.1077032961426901","10.933462"
"theta020","0.2","-166.9363086307076","22.000008","0.916667","2.5","10.11","0.1077032961426901","10.109608"
"theta020","0.2","-166.9363086307076","22.000008","0.916667","7.5","10.76","0.1077032961426901","10.772828"
"theta020","0.2","-166.9363086307076","22.000008","0.916667","12.5","10.84","0.1077032961426901","10.884104"
"theta020","0.2","-166.9363086307076","22.000008","0.916667","17.5","10.74","0.1077032961426901","10.938307"
"theta020","0.2","-166.9363086307076","22.999992","0.958333","2.5","10.10","0.1077032961426901","10.087411"
"theta020","0.2","-166.9363086307076","22.999992","0.958333","7.5","10.80","0.1077032961426901","10.77575"
"theta020","0.2","-166.9363086307076","22.999992","0.958333","12.5","10.95","0.1077032961426901","10.888599"
"theta020","0.2","-166.9363086307076","22.999992","0.958333","17.5","10.85","0.1077032961426901","10.9430895"
"theta020","0.2","-166.9363086307076","24.0","1.0","2.5","10.04","0.1077032961426901","10.063278"
"theta020","0.2","-166.9363086307076","24.0","1.0","7.5","10.81","0.1077032961426901","10.77858"
"theta020","0.2","-166.9363086307076","24.0","1.0","12.5","10.93","0.1077032961426901","10.893025"
"theta020","0.2","-166.9363086307076","24.0","1.0","17.5","10.71","0.1077032961426901","10.947811"
"theta020","0.2","-166.9363086307076","25.000008","1.041667","2.5","10.02","0.1077032961426901","10.036935"
"theta020","0.2","-166.9363086307076","25.000008","1.041667","7.5","10.75","0.1077032961426901","10.781317"
"theta020","0.2","-166.9363086307076","25.000008","1.041667","12.5","10.94","0.1077032961426901","10.897382"
"theta020","0.2","-166.9363086307076","25.000008","1.041667","17.5","10.76","0.1077032961426901","10.952472"
"theta020","0.2","-166.9363086307076","25.999992","1.083333","2.5","10.03","0.1077032961426901","10.008041"
"theta020","0.2","-166.9363086307076","25.999992","1.083333","7.5","10.82","0.1077032961426901","10.78396"
"theta020","0.2","-166.9363086307076","25.999992","1.083333","12.5","10.92","0.1077032961426901","10.901668"
"theta020","0.2","-166.9363086307076","25.999992","1.083333","17.5","10.72","0.1077032961426901","10.957072"
"theta020","0.2","-166.9363086307076","27.0","1.125","2.5","9.94","0.1077032961426901","9.976169"
"theta020","0.2","-166.9363086307076","27.0","1.125","7.5","10.79","0.1077032961426901","10.78651"
"theta020","0.2","-166.9363086307076","27.0","1.125","12.5","10.91","0.1077032961426901","10.905884"
"theta020","0.2","-166.9363086307076","27.0","1.125","17.5","10.76","0.1077032961426901","10.961613"
"theta020","0.2","-166.9363086307076","28.000008","1.166667","2.5","9.88","0.1077032961426901","9.940768"
"theta020","0.2","-166.9363086307076","28.000008","1.166667","7.5","10.79","0.1077032961426901","10.788965"
"theta020","0.2","-166.9363086307076","28.000008","1.166667","12.5","10.98","0.1077032961426901","10.91003"
"theta020","0.2","-166.9363086307076","28.000008","1.166667","17.5","10.77","0.1077032961426901","10.966093"
"theta020","0.2","-166.9363086307076","28.999992","1.208333","2.5","9.85","0.1077032961426901","9.901125"
"theta020","0.2","-166.9363086307076","28.999992","1.208333","7.5","10.75","0.1077032961426901","10.791326"
"theta020","0.2","-166.9363086307076","28.999992","1.208333","12.5","10.97","0.1077032961426901","10.914108"
"theta020","0.2","-166.9363086307076","28.999992","1.208333","17.5","10.87","0.1077032961426901","10.970514"
"theta020","0.2","-166.9363086307076","30.0","1.25","2.5","9.87","0.1077032961426901","9.856272"
"theta020","0.2","-166.9363086307076","30.0","1.25","7.5","10.79","0.1077032961426901","10.793589"
"theta020","0.2","-166.9363086307076","30.0","1.25","12.5","10.95","0.1077032961426901","10.918117"
"theta020","0.2","-166.9363086307076","30.0","1.25","17.5","10.84","0.1077032961426901","10.974875"
"theta020","0.2","-166.9363086307076","31.000008","1.291667","2.5","9.75","0.1077032961426901","9.804869"
"theta020","0.2","-166.9363086307076","31.000008","1.291667","7.5","10.82","0.1077032961426901","10.795755"
"theta020","0.2","-166.9363086307076","31.000008","1.291667","12.5","10.88","0.1077032961426901","10.922056"
"theta020","0.2","-166.9363086307076","31.000008","1.291667","17.5","10.78","0.1077032961426901","10.979178"
"theta020","0.2","-166.9363086307076","31.999992","1.333333","2.5","9.79","0.1077032961426901","9.744971"
"theta020","0.2","-166.9363086307076","31.999992","1.333333","7.5","10.88","0.1077032961426901","10.797825"
"theta020","0.2","-166.9363086307076","31.999992","1.333333","12.5","10.94","0.1077032961426901","10.925926"
"theta020","0.2","-166.9363086307076","31.999992","1.333333","17.5","10.85","0.1077032961426901","10.98342"
"theta020","0.2","-166.9363086307076","33.0","1.375","2.5","9.62","0.1077032961426901","9.673608"
"theta020","0.2","-166.9363086307076","33.0","1.375","7.5","10.86","0.1077032961426901","10.799794"
"theta020","0.2","-166.9363086307076","33.0","1.375","12.5","10.89","0.1077032961426901","10.929728"
"theta020","0.2","-166.9363086307076","33.0","1.375","17.5","10.95","0.1077032961426901","10.987606"
"theta020","0.2","-166.9363086307076","34.000007999999994","1.416667","2.5","9.60","0.1077032961426901","9.585881"
"theta020","0.2","-166.9363086307076","34.000007999999994","1.416667","7.5","10.90","0.1077032961426901","10.801666"
"theta020","0.2","-166.9363086307076","34.000007999999994","1.416667","12.5","10.90","0.1077032961426901","10.933459"
"theta020","0.2","-166.9363086307076","34.000007999999994","1.416667","17.5","10.87","0.1077032961426901","10.991734"
"theta020","0.2","-166.9363086307076","34.999992000000006","1.458333","2.5","9.46","0.1077032961426901","9.472889"
"theta020","0.2","-166.9363086307076","34.999992000000006","1.458333","7.5","10.82","0.1077032961426901","10.803437"
"theta020","0.2","-166.9363086307076","34.999992000000006","1.458333","12.5","10.92","0.1077032961426901","10.937122"
"theta020","0.2","-166.9363086307076","34.999992000000006","1.458333","17.5","10.88","0.1077032961426901","10.995801"
"theta020","0.2","-166.9363086307076","36.0","1.5","2.5","9.25","0.1077032961426901","9.3155365"
"theta020","0.2","-166.9363086307076","36.0","1.5","7.5","10.69","0.1077032961426901","10.805107"
"theta020","0.2","-166.9363086307076","36.0","1.5","12.5","10.89","0.1077032961426901","10.940718"
"theta020","0.2","-166.9363086307076","36.0","1.5","17.5","10.90","0.1077032961426901","10.999812"
"theta020","0.2","-166.9363086307076","37.000008","1.541667","2.5","9.07","0.1077032961426901","9.058745"
"theta020","0.2","-166.9363086307076","37.000008","1.541667","7.5","10.80","0.1077032961426901","10.806676"
"theta020","0.2","-166.9363086307076","37.000008","1.541667","12.5","10.89","0.1077032961426901","10.944243"
"theta020","0.2","-166.9363086307076","37.000008","1.541667","17.5","10.95","0.1077032961426901","11.003766"
"theta020","0.2","-166.9363086307076","37.999992000000006","1.583333","2.5","8.51","0.1077032961426901","8.3057375"
"theta020","0.2","-166.9363086307076","37.999992000000006","1.583333","7.5","10.82","0.1077032961426901","10.808141"
"theta020","0.2","-166.9363086307076","37.999992000000006","1.583333","12.5","10.92","0.1077032961426901","10.9477005"
"theta020","0.2","-166.9363086307076","37.999992000000006","1.583333","17.5","10.92","0.1077032961426901","11.007662"
"theta020","0.2","-166.9363086307076","39.0","1.625","2.5","5.22","0.1077032961426901","5.1183834"
"theta020","0.2","-166.9363086307076","39.0","1.625","7.5","10.81","0.1077032961426901","10.809503"
"theta020","0.2","-166.9363086307076","39.0","1.625","12.5","11.00","0.1077032961426901","10.95109"
"theta020","0.2","-166.9363086307076","39.0","1.625","17.5","10.89","0.1077032961426901","11.0115"
"theta020","0.2","-166.9363086307076","40.000008","1.666667","2.5","4.85","0.1077032961426901","4.7584553"
"theta020","0.2","-166.9363086307076","40.000008","1.666667","7.5","10.89","0.1077032961426901","10.81076"
"theta020","0.2","-166.9363086307076","40.000008","1.666667","12.5","10.95","0.1077032961426901","10.9544115"
"theta020","0.2","-166.9363086307076","40.000008","1.666667","17.5","10.95","0.1077032961426901","11.015283"
"theta020","0.2","-166.9363086307076","40.999992000000006","1.708333","2.5","4.63","0.1077032961426901","4.5612736"
"theta020","0.2","-166.9363086307076","40.999992000000006","1.708333","7.5","10.85","0.1077032961426901","10.811911"
"theta020","0.2","-166.9363086307076","40.999992000000006","1.708333","12.5","10.99","0.1077032961426901","10.9576645"
"theta020","0.2","-166.9363086307076","40.999992000000006","1.708333","17.5","10.96","0.1077032961426901","11.019008"
"theta020","0.2","-166.9363086307076","42.0","1.75","2.5","4.52","0.1077032961426901","4.423922"
"theta020","0.2","-166.9363086307076","42.0","1.75","7.5","10.85","0.1077032961426901","10.812955"
"theta020","0.2","-166.9363086307076","42.0","1.75","12.5","10.93","0.1077032961426901","10.960848"
"theta020","0.2","-166.9363086307076","42.0","1.75","17.5","11.06","0.1077032961426901","11.022676"
"theta020","0.2","-166.9363086307076","43.000008","1.791667","2.5","4.34","0.1077032961426901","4.318004"
"theta020","0.2","-166.9363086307076","43.000008","1.791667","7.5","10.72","0.1077032961426901","10.813891"
"theta020","0.2","-166.9363086307076","43.000008","1.791667","12.5","10.99","0.1077032961426901","10.963964"
"theta020","0.2","-166.9363086307076","43.000008","1.791667","17.5","11.04","0.1077032961426901","11.026289"
"theta020","0.2","-166.9363086307076","43.999992000000006","1.833333","2.5","4.27","0.1077032961426901","4.231522"
"theta020","0.2","-166.9363086307076","43.999992000000006","1.833333","7.5","10.84","0.1077032961426901","10.814719"
"theta020","0.2","-166.9363086307076","43.999992000000006","1.833333","12.5","11.06","0.1077032961426901","10.967012"
"theta020","0.2","-166.9363086307076","43.999992000000006","1.833333","17.5","10.91","0.1077032961426901","11.029846"
"theta020","0.2","-166.9363086307076","45.0","1.875","2.5","4.17","0.1077032961426901","4.158265"
"theta020","0.2","-166.9363086307076","45.0","1.875","7.5","10.81","0.1077032961426901","10.815436"
"theta020","0.2","-166.9363086307076","45.0","1.875","12.5","11.00","0.1077032961426901","10.969993"
"theta020","0.2","-166.9363086307076","45.0","1.875","17.5","10.91","0.1077032961426901","11.033346"
"theta020","0.2","-166.9363086307076","46.000008","1.916667","2.5","4.07","0.1077032961426901","4.0946126"
"theta020","0.2","-166.9363086307076","46.000008","1.916667","7.5","10.76","0.1077032961426901","10.816042"
"theta020","0.2","-166.9363086307076","46.000008","1.916667","12.5","11.08","0.1077032961426901","10.972905"
"theta020","0.2","-166.9363086307076","46.000008","1.916667","17.5","11.03","0.1077032961426901","11.036792"
"theta020","0.2","-166.9363086307076","46.999992000000006","1.958333","2.5","4.18","0.1077032961426901","4.0382543"
"theta020","0.2","-166.9363086307076","46.999992000000006","1.958333","7.5","10.82","0.1077032961426901","10.816535"
"theta020","0.2","-166.9363086307076","46.999992000000006","1.958333","12.5","11.04","0.1077032961426901","10.975749"
"theta020","0.2","-166.9363086307076","46.999992000000006","1.958333","17.5","10.99","0.1077032961426901","11.040181"
"theta020","0.2","-166.9363086307076","48.0","2.0","2.5","3.97","0.1077032961426901","3.9876285"
"theta020","0.2","-166.9363086307076","48.0","2.0","7.5","10.74","0.1077032961426901","10.8169155"
"theta020","0.2","-166.9363086307076","48.0","2.0","12.5","11.02","0.1077032961426901","10.978525"
"theta020","0.2","-166.9363086307076","48.0","2.0","17.5","11.06","0.1077032961426901","11.043515"
"theta020","0.2","-166.9363086307076","49.000008","2.041667","2.5","4.00","0.1077032961426901","3.941638"
"theta020","0.2","-166.9363086307076","49.000008","2.041667","7.5","10.81","0.1077032961426901","10.81718"
"theta020","0.2","-166.9363086307076","49.000008","2.041667","12.5","10.98","0.1077032961426901","10.981234"
"theta020","0.2","-166.9363086307076","49.000008","2.041667","17.5","10.97","0.1077032961426901","11.046796"
"theta020","0.2","-166.9363086307076","49.999992000000006","2.083333","2.5","3.90","0.1077032961426901","3.899473"
"theta020","0.2","-166.9363086307076","49.999992000000006","2.083333","7.5","10.84","0.1077032961426901","10.8173275"
"theta020","0.2","-166.9363086307076","49.999992000000006","2.083333","12.5","10.98","0.1077032961426901","10.983874"
"theta020","0.2","-166.9363086307076","49.999992000000006","2.083333","17.5","10.90","0.1077032961426901","11.05002"
"theta020","0.2","-166.9363086307076","51.0","2.125","2.5","3.95","0.1077032961426901","3.8605218"
"theta020","0.2","-166.9363086307076","51.0","2.125","7.5","10.74","0.1077032961426901","10.817358"
"theta020","0.2","-166.9363086307076","51.0","2.125","12.5","11.01","0.1077032961426901","10.986447"
"theta020","0.2","-166.9363086307076","51.0","2.125","17.5","11.01","0.1077032961426901","11.05319"
"theta020","0.2","-166.9363086307076","52.000008","2.166667","2.5","3.86","0.1077032961426901","3.8243132"
"theta020","0.2","-166.9363086307076","52.000008","2.166667","7.5","10.80","0.1077032961426901","10.817268"
"theta020","0.2","-166.9363086307076","52.000008","2.166667","12.5","11.09","0.1077032961426901","10.988954"
"theta020","0.2","-166.9363086307076","52.000008","2.166667","17.5","10.96","0.1077032961426901","11.056306"
"theta020","0.2","-166.9363086307076","52.999992000000006","2.208333","2.5","3.79","0.1077032961426901","3.7904768"
"theta020","0.2","-166.9363086307076","52.999992000000006","2.208333","7.5","10.80","0.1077032961426901","10.817059"
"theta020","0.2","-166.9363086307076","52.999992000000006","2.208333","12.5","10.99","0.1077032961426901","10.99139"
"theta020","0.2","-166.9363086307076","52.999992000000006","2.208333","17.5","11.08","0.1077032961426901","11.059367"
"theta020","0.2","-166.9363086307076","54.0","2.25","2.5","3.84","0.1077032961426901","3.758711"
"theta020","0.2","-166.9363086307076","54.0","2.25","7.5","10.78","0.1077032961426901","10.816725"
"theta020","0.2","-166.9363086307076","54.0","2.25","12.5","11.11","0.1077032961426901","10.99376"
"theta020","0.2","-166.9363086307076","54.0","2.25","17.5","11.08","0.1077032961426901","11.062375"
"theta020","0.2","-166.9363086307076","55.000008","2.291667","2.5","3.84","0.1077032961426901","3.7287734"
"theta020","0.2","-166.9363086307076","55.000008","2.291667","7.5","10.76","0.1077032961426901","10.816267"
"theta020","0.2","-166.9363086307076","55.000008","2.291667","12.5","10.99","0.1077032961426901","10.996062"
"theta020","0.2","-166.9363086307076","55.000008","2.291667","17.5","11.08","0.1077032961426901","11.065329"
"theta020","0.2","-166.9363086307076","55.999992000000006","2.333333","2.5","3.84","0.1077032961426901","3.7004616"
"theta020","0.2","-166.9363086307076","55.999992000000006","2.333333","7.5","10.70","0.1077032961426901","10.815684"
"theta020","0.2","-166.9363086307076","55.999992000000006","2.333333","12.5","10.99","0.1077032961426901","10.998297"
"theta020","0.2","-166.9363086307076","55.999992000000006","2.333333","17.5","11.06","0.1077032961426901","11.068228"
"theta020","0.2","-166.9363086307076","57.0","2.375","2.5","3.67","0.1077032961426901","3.673608"
"theta020","0.2","-166.9363086307076","57.0","2.375","7.5","10.79","0.1077032961426901","10.814973"
"theta020","0.2","-166.9363086307076","57.0","2.375","12.5","11.00","0.1077032961426901","11.000464"
"theta020","0.2","-166.9363086307076","57.0","2.375","17.5","11.06","0.1077032961426901","11.071075"
"theta020","0.2","-166.9363086307076","58.000008","2.416667","2.5","3.66","0.1077032961426901","3.64807"
"theta020","0.2","-166.9363086307076","58.000008","2.416667","7.5","10.77","0.1077032961426901","10.814133"
"theta020","0.2","-166.9363086307076","58.000008","2.416667","12.5","11.04","0.1077032961426901","11.002564"
"theta020","0.2","-166.9363086307076","58.000008","2.416667","17.5","11.18","0.1077032961426901","11.073868"
"theta020","0.2","-166.9363086307076","58.999992000000006","2.458333","2.5","3.68","0.1077032961426901","3.623728"
"theta020","0.2","-166.9363086307076","58.999992000000006","2.458333","7.5","10.81","0.1077032961426901","10.813161"
"theta020","0.2","-166.9363086307076","58.999992000000006","2.458333","12.5","11.06","0.1077032961426901","11.004596"
"theta020","0.2","-166.9363086307076","58.999992000000006","2.458333","17.5","11.11","0.1077032961426901","11.076608"
"theta020","0.2","-166.9363086307076","60.0","2.5","2.5","3.68","0.1077032961426901","3.6004772"
"theta020","0.2","-166.9363086307076","60.0","2.5","7.5","10.88","0.1077032961426901","10.812054"
"theta020","0.2","-166.9363086307076","60.0","2.5","12.5","10.99","0.1077032961426901","11.006561"
"theta020","0.2","-166.9363086307076","60.0","2.5","17.5","11.09","0.1077032961426901","11.079295"
"theta020","0.2","-166.9363086307076","61.000008","2.541667","2.5","3.63","0.1077032961426901","3.5782275"
"theta020","0.2","-166.9363086307076","61.000008","2.541667","7.5","10.80","0.1077032961426901","10.810812"
"theta020","0.2","-166.9363086307076","61.000008","2.541667","12.5","11.01","0.1077032961426901","11.008457"
"theta020","0.2","-166.9363086307076","61.000008","2.541667","17.5","11.13","0.1077032961426901","11.081929"
"theta020","0.2","-166.9363086307076","61.999992000000006","2.583333","2.5","3.68","0.1077032961426901","3.5569034"
"theta020","0.2","-166.9363086307076","61.999992000000006","2.583333","7.5","10.80","0.1077032961426901","10.809432"
"theta020","0.2","-166.9363086307076","61.999992000000006","2.583333","12.5","11.08","0.1077032961426901","11.010286"
"theta020","0.2","-166.9363086307076","61.999992000000006","2.583333","17.5","11.09","0.1077032961426901","11.084511"
"theta020","0.2","-166.9363086307076","63.0","2.625","2.5","3.59","0.1077032961426901","3.5364332"
"theta020","0.2","-166.9363086307076","63.0","2.625","7.5","10.77","0.1077032961426901","10.807912"
"theta020","0.2","-166.9363086307076","63.0","2.625","12.5","11.07","0.1077032961426901","11.012049"
"theta020","0.2","-166.9363086307076","63.0","2.625","17.5","11.12","0.1077032961426901","11.08704"
"theta020","0.2","-166.9363086307076","64.000008","2.666667","2.5","3.57","0.1077032961426901","3.516757"
"theta020","0.2","-166.9363086307076","64.000008","2.666667","7.5","10.84","0.1077032961426901","10.806249"
"theta020","0.2","-166.9363086307076","64.000008","2.666667","12.5","11.04","0.1077032961426901","11.013742"
"theta020","0.2","-166.9363086307076","64.000008","2.666667","17.5","11.09","0.1077032961426901","11.089517"
"theta020","0.2","-166.9363086307076","64.999992","2.708333","2.5","3.53","0.1077032961426901","3.4978232"
"theta020","0.2","-166.9363086307076","64.999992","2.708333","7.5","10.90","0.1077032961426901","10.8044405"
"theta020","0.2","-166.9363086307076","64.999992","2.708333","12.5","11.13","0.1077032961426901","11.01537"
"theta020","0.2","-166.9363086307076","64.999992","2.708333","17.5","11.21","0.1077032961426901","11.091942"
"theta020","0.2","-166.9363086307076","66.0","2.75","2.5","3.52","0.1077032961426901","3.4795835"
"theta020","0.2","-166.9363086307076","66.0","2.75","7.5","10.72","0.1077032961426901","10.8024845"
"theta020","0.2","-166.9363086307076","66.0","2.75","12.5","11.06","0.1077032961426901","11.01693"
"theta020","0.2","-166.9363086307076","66.0","2.75","17.5","11.14","0.1077032961426901","11.094314"
"theta020","0.2","-166.9363086307076","67.000008","2.791667","2.5","3.48","0.1077032961426901","3.4619954"
"theta020","0.2","-166.9363086307076","67.000008","2.791667","7.5","10.74","0.1077032961426901","10.800377"
"theta020","0.2","-166.9363086307076","67.000008","2.791667","12.5","11.07","0.1077032961426901","11.018421"
"theta020","0.2","-166.9363086307076","67.000008","2.791667","17.5","11.18","0.1077032961426901","11.096635"
"theta020","0.2","-166.9363086307076","67.999992","2.833333","2.5","3.47","0.1077032961426901","3.4450207"
"theta020","0.2","-166.9363086307076","67.999992","2.833333","7.5","10.70","0.1077032961426901","10.798115"
"theta020","0.2","-166.9363086307076","67.999992","2.833333","12.5","11.07","0.1077032961426901","11.019846"
"theta020","0.2","-166.9363086307076","67.999992","2.833333","17.5","11.13","0.1077032961426901","11.098905"
"theta020","0.2","-166.9363086307076","69.0","2.875","2.5","3.41","0.1077032961426901","3.4286246"
"theta020","0.2","-166.9363086307076","69.0","2.875","7.5","10.76","0.1077032961426901","10.795696"
"theta020","0.2","-166.9363086307076","69.0","2.875","12.5","11.09","0.1077032961426901","11.021203"
"theta020","0.2","-166.9363086307076","69.0","2.875","17.5","11.15","0.1077032961426901","11.101122"
"theta020","0.2","-166.9363086307076","70.000008","2.916667","2.5","3.42","0.1077032961426901","3.4127765"
"theta020","0.2","-166.9363086307076","70.000008","2.916667","7.5","10.79","0.1077032961426901","10.793118"
"theta020","0.2","-166.9363086307076","70.000008","2.916667","12.5","11.14","0.1077032961426901","11.022491"
"theta020","0.2","-166.9363086307076","70.000008","2.916667","17.5","11.15","0.1077032961426901","11.103289"
"theta020","0.2","-166.9363086307076","70.999992","2.958333","2.5","3.38","0.1077032961426901","3.3974488"
"theta020","0.2","-166.9363086307076","70.999992","2.958333","7.5","10.79","0.1077032961426901","10.790376"
"theta020","0.2","-166.9363086307076","70.999992","2.958333","12.5","11.12","0.1077032961426901","11.023713"
"theta020","0.2","-166.9363086307076","70.999992","2.958333","17.5","11.19","0.1077032961426901","11.105404"
"theta020","0.2","-166.9363086307076","72.0","3.0","2.5","3.49","0.1077032961426901","3.3826141"
"theta020","0.2","-166.9363086307076","72.0","3.0","7.5","10.75","0.1077032961426901","10.787465"
"theta020","0.2","-166.9363086307076","72.0","3.0","12.5","11.13","0.1077032961426901","11.024867"
"theta020","0.2","-166.9363086307076","72.0","3.0","17.5","11.12","0.1077032961426901","11.107469"
"theta020","0.2","-166.9363086307076","73.000008","3.041667","2.5","3.40","0.1077032961426901","3.3682501"
"theta020","0.2","-166.9363086307076","73.000008","3.041667","7.5","10.75","0.1077032961426901","10.784385"
"theta020","0.2","-166.9363086307076","73.000008","3.041667","12.5","11.04","0.1077032961426901","11.025954"
"theta020","0.2","-166.9363086307076","73.000008","3.041667","17.5","11.19","0.1077032961426901","11.109483"
"theta020","0.2","-166.9363086307076","73.999992","3.083333","2.5","3.42","0.1077032961426901","3.3543355"
"theta020","0.2","-166.9363086307076","73.999992","3.083333","7.5","10.86","0.1077032961426901","10.781129"
"theta020","0.2","-166.9363086307076","73.999992","3.083333","12.5","11.07","0.1077032961426901","11.026973"
"theta020","0.2","-166.9363086307076","73.999992","3.083333","17.5","11.23","0.1077032961426901","11.111445"
"theta020","0.2","-166.9363086307076","75.0","3.125","2.5","3.41","0.1077032961426901","3.3408492"
"theta020","0.2","-166.9363086307076","75.0","3.125","7.5","10.70","0.1077032961426901","10.777694"
"theta020","0.2","-166.9363086307076","75.0","3.125","12.5","11.04","0.1077032961426901","11.027924"
"theta020","0.2","-166.9363086307076","75.0","3.125","17.5","11.11","0.1077032961426901","11.113358"
"theta020","0.2","-166.9363086307076","76.000008","3.166667","2.5","3.37","0.1077032961426901","3.327774"
"theta020","0.2","-166.9363086307076","76.000008","3.166667","7.5","10.80","0.1077032961426901","10.774075"
"theta020","0.2","-166.9363086307076","76.000008","3.166667","12.5","11.13","0.1077032961426901","11.028808"
"theta020","0.2","-166.9363086307076","76.000008","3.166667","17.5","11.23","0.1077032961426901","11.11522"
"theta020","0.2","-166.9363086307076","76.999992","3.208333","2.5","3.31","0.1077032961426901","3.3150923"
"theta020","0.2","-166.9363086307076","76.999992","3.208333","7.5","10.71","0.1077032961426901","10.7702675"
"theta020","0.2","-166.9363086307076","76.999992","3.208333","12.5","11.09","0.1077032961426901","11.029623"
"theta020","0.2","-166.9363086307076","76.999992","3.208333","17.5","11.22","0.1077032961426901","11.117032"
"theta020","0.2","-166.9363086307076","78.0","3.25","2.5","3.30","0.1077032961426901","3.3027887"
"theta020","0.2","-166.9363086307076","78.0","3.25","7.5","10.80","0.1077032961426901","10.766266"
"theta020","0.2","-166.9363086307076","78.0","3.25","12.5","11.04","0.1077032961426901","11.030371"
"theta020","0.2","-166.9363086307076","78.0","3.25","17.5","11.13","0.1077032961426901","11.1187935"
"theta020","0.2","-166.9363086307076","79.000008","3.291667","2.5","3.41","0.1077032961426901","3.2908485"
"theta020","0.2","-166.9363086307076","79.000008","3.291667","7.5","10.73","0.1077032961426901","10.762067"
"theta020","0.2","-166.9363086307076","79.000008","3.291667","12.5","11.04","0.1077032961426901","11.03105"
"theta020","0.2","-166.9363086307076","79.000008","3.291667","17.5","11.22","0.1077032961426901","11.120505"
"theta020","0.2","-166.9363086307076","79.999992","3.333333","2.5","3.29","0.1077032961426901","3.279258"
"theta020","0.2","-166.9363086307076","79.999992","3.333333","7.5","10.75","0.1077032961426901","10.757663"
"theta020","0.2","-166.9363086307076","79.999992","3.333333","12.5","11.08","0.1077032961426901","11.031662"
"theta020","0.2","-166.9363086307076","79.999992","3.333333","17.5","11.19","0.1077032961426901","11.122168"
"theta020","0.2","-166.9363086307076","81.0","3.375","2.5","3.26","0.1077032961426901","3.2680044"
"theta020","0.2","-166.9363086307076","81.0","3.375","7.5","10.74","0.1077032961426901","10.753049"
"theta020","0.2","-166.9363086307076","81.0","3.375","12.5","11.15","0.1077032961426901","11.032206"
"theta020","0.2","-166.9363086307076","81.0","3.375","17.5","11.18","0.1077032961426901","11.12378"
"theta020","0.2","-166.9363086307076","82.000008","3.416667","2.5","3.28","0.1077032961426901","3.2570755"
"theta020","0.2","-166.9363086307076","82.000008","3.416667","7.5","10.65","0.1077032961426901","10.748218"
"theta020","0.2","-166.9363086307076","82.000008","3.416667","12.5","11.07","0.1077032961426901","11.032682"
"theta020","0.2","-166.9363086307076","82.000008","3.416667","17.5","11.15","0.1077032961426901","11.125344"
"theta020","0.2","-166.9363086307076","82.999992","3.458333","2.5","3.29","0.1077032961426901","3.2464612"
"theta020","0.2","-166.9363086307076","82.999992","3.458333","7.5","10.80","0.1077032961426901","10.743165"
"theta020","0.2","-166.9363086307076","82.999992","3.458333","12.5","11.15","0.1077032961426901","11.033089"
"theta020","0.2","-166.9363086307076","82.999992","3.458333","17.5","11.24","0.1077032961426901","11.126857"
"theta020","0.2","-166.9363086307076","84.0","3.5","2.5","3.22","0.1077032961426901","3.23615"
"theta020","0.2","-166.9363086307076","84.0","3.5","7.5","10.74","0.1077032961426901","10.737881"
"theta020","0.2","-166.9363086307076","84.0","3.5","12.5","11.13","0.1077032961426901","11.033427"
"theta020","0.2","-166.9363086307076","84.0","3.5","17.5","11.22","0.1077032961426901","11.128322"
"theta020","0.2","-166.9363086307076","85.000008","3.541667","2.5","3.27","0.1077032961426901","3.2261317"
"theta020","0.2","-166.9363086307076","85.000008","3.541667","7.5","10.72","0.1077032961426901","10.73236"
"theta020","0.2","-166.9363086307076","85.000008","3.541667","12.5","11.18","0.1077032961426901","11.033698"
"theta020","0.2","-166.9363086307076","85.000008","3.541667","17.5","11.15","0.1077032961426901","11.129738"
"theta020","0.2","-166.9363086307076","85.999992","3.583333","2.5","3.23","0.1077032961426901","3.2163973"
"theta020","0.2","-166.9363086307076","85.999992","3.583333","7.5","10.70","0.1077032961426901","10.726593"
"theta020","0.2","-166.9363086307076","85.999992","3.583333","12.5","11.01","0.1077032961426901","11.0339"
"theta020","0.2","-166.9363086307076","85.999992","3.583333","17.5","11.26","0.1077032961426901","11.131105"
"theta020","0.2","-166.9363086307076","87.0","3.625","2.5","3.14","0.1077032961426901","3.2069376"
"theta020","0.2","-166.9363086307076","87.0","3.625","7.5","10.68","0.1077032961426901","10.7205715"
"theta020","0.2","-166.9363086307076","87.0","3.625","12.5","11.14","0.1077032961426901","11.034034"
"theta020","0.2","-166.9363086307076","87.0","3.625","17.5","11.34","0.1077032961426901","11.132423"
"theta020","0.2","-166.9363086307076","88.000008","3.666667","2.5","3.16","0.1077032961426901","3.197744"
"theta020","0.2","-166.9363086307076","88.000008","3.666667","7.5","10.71","0.1077032961426901","10.714287"
"theta020","0.2","-166.9363086307076","88.000008","3.666667","12.5","11.17","0.1077032961426901","11.034099"
"theta020","0.2","-166.9363086307076","88.000008","3.666667","17.5","11.27","0.1077032961426901","11.133692"
"theta020","0.2","-166.9363086307076","88.999992","3.708333","2.5","3.21","0.1077032961426901","3.1888092"
"theta020","0.2","-166.9363086307076","88.999992","3.708333","7.5","10.69","0.1077032961426901","10.707729"
"theta020","0.2","-166.9363086307076","88.999992","3.708333","12.5","11.21","0.1077032961426901","11.034095"
"theta020","0.2","-166.9363086307076","88.999992","3.708333","17.5","11.24","0.1077032961426901","11.134913"
"theta020","0.2","-166.9363086307076","90.0","3.75","2.5","3.15","0.1077032961426901","3.1801245"
"theta020","0.2","-166.9363086307076","90.0","3.75","7.5","10.67","0.1077032961426901","10.700888"
"theta020","0.2","-166.9363086307076","90.0","3.75","12.5","11.05","0.1077032961426901","11.03402"
"theta020","0.2","-166.9363086307076","90.0","3.75","17.5","11.18","0.1077032961426901","11.1360855"
"theta020","0.2","-166.9363086307076","91.000008","3.791667","2.5","3.13","0.1077032961426901","3.1716826"
"theta020","0.2","-166.9363086307076","91.000008","3.791667","7.5","10.61","0.1077032961426901","10.693752"
"theta020","0.2","-166.9363086307076","91.000008","3.791667","12.5","11.05","0.1077032961426901","11.033878"
"theta020","0.2","-166.9363086307076","91.000008","3.791667","17.5","11.21","0.1077032961426901","11.137211"
"theta020","0.2","-166.9363086307076","91.999992","3.833333","2.5","3.07","0.1077032961426901","3.1634774"
"theta020","0.2","-166.9363086307076","91.999992","3.833333","7.5","10.63","0.1077032961426901","10.68631"
"theta020","0.2","-166.9363086307076","91.999992","3.833333","12.5","11.17","0.1077032961426901","11.033666"
"theta020","0.2","-166.9363086307076","91.999992","3.833333","17.5","11.26","0.1077032961426901","11.138288"
"theta020","0.2","-166.9363086307076","93.0","3.875","2.5","3.01","0.1077032961426901","3.1555011"
"theta020","0.2","-166.9363086307076","93.0","3.875","7.5","10.65","0.1077032961426901","10.678546"
"theta020","0.2","-166.9363086307076","93.0","3.875","12.5","11.07","0.1077032961426901","11.033384"
"theta020","0.2","-166.9363086307076","93.0","3.875","17.5","11.34","0.1077032961426901","11.139317"
"theta020","0.2","-166.9363086307076","94.000008","3.916667","2.5","3.15","0.1077032961426901","3.1477478"
"theta020","0.2","-166.9363086307076","94.000008","3.916667","7.5","10.64","0.1077032961426901","10.67045"
"theta020","0.2","-166.9363086307076","94.000008","3.916667","12.5","11.18","0.1077032961426901","11.033032"
"theta020","0.2","-166.9363086307076","94.000008","3.916667","17.5","11.21","0.1077032961426901","11.140297"
"theta020","0.2","-166.9363086307076","94.999992","3.958333","2.5","3.15","0.1077032961426901","3.140211"
"theta020","0.2","-166.9363086307076","94.999992","3.958333","7.5","10.62","0.1077032961426901","10.662004"
"theta020","0.2","-166.9363086307076","94.999992","3.958333","12.5","11.09","0.1077032961426901","11.032612"
"theta020","0.2","-166.9363086307076","94.999992","3.958333","17.5","11.30","0.1077032961426901","11.141231"
"theta020","0.2","-166.9363086307076","96.0","4.0","2.5","3.09","0.1077032961426901","3.1328847"
"theta020","0.2","-166.9363086307076","96.0","4.0","7.5","10.59","0.1077032961426901","10.653193"
"theta020","0.2","-166.9363086307076","96.0","4.0","12.5","11.14","0.1077032961426901","11.03212"
"theta020","0.2","-166.9363086307076","96.0","4.0","17.5","11.26","0.1077032961426901","11.1421175"
"theta020","0.2","-166.9363086307076","96.999984","4.041666","2.5","3.09","0.1077032961426901","3.1257637"
"theta020","0.2","-166.9363086307076","96.999984","4.041666","7.5","10.51","0.1077032961426901","10.644001"
"theta020","0.2","-166.9363086307076","96.999984","4.041666","12.5","11.12","0.1077032961426901","11.031558"
"theta020","0.2","-166.9363086307076","96.999984","4.041666","17.5","11.30","0.1077032961426901","11.142956"
"theta020","0.2","-166.9363086307076","98.000016","4.083334","2.5","3.03","0.1077032961426901","3.118841"
"theta020","0.2","-166.9363086307076","98.000016","4.083334","7.5","10.57","0.1077032961426901","10.634404"
"theta020","0.2","-166.9363086307076","98.000016","4.083334","12.5","11.12","0.1077032961426901","11.030924"
"theta020","0.2","-166.9363086307076","98.000016","4.083334","17.5","11.28","0.1077032961426901","11.143747"
"theta020","0.2","-166.9363086307076","99.0","4.125","2.5","3.07","0.1077032961426901","3.1121128"
"theta020","0.2","-166.9363086307076","99.0","4.125","7.5","10.52","0.1077032961426901","10.624386"
"theta020","0.2","-166.9363086307076","99.0","4.125","12.5","11.13","0.1077032961426901","11.03022"
"theta020","0.2","-166.9363086307076","99.0","4.125","17.5","11.34","0.1077032961426901","11.144492"
"theta020","0.2","-166.9363086307076","99.999984","4.166666","2.5","3.16","0.1077032961426901","3.105573"
"theta020","0.2","-166.9363086307076","99.999984","4.166666","7.5","10.55","0.1077032961426901","10.613921"
"theta020","0.2","-166.9363086307076","99.999984","4.166666","12.5","11.20","0.1077032961426901","11.029445"
"theta020","0.2","-166.9363086307076","99.999984","4.166666","17.5","11.16","0.1077032961426901","11.145189"
"theta020","0.2","-166.9363086307076","101.000016","4.208334","2.5","3.07","0.1077032961426901","3.0992162"
"theta020","0.2","-166.9363086307076","101.000016","4.208334","7.5","10.57","0.1077032961426901","10.602984"
"theta020","0.2","-166.9363086307076","101.000016","4.208334","12.5","11.09","0.1077032961426901","11.028598"
"theta020","0.2","-166.9363086307076","101.000016","4.208334","17.5","11.31","0.1077032961426901","11.145841"
"theta020","0.2","-166.9363086307076","102.0","4.25","2.5","2.97","0.1077032961426901","3.0930383"
"theta020","0.2","-166.9363086307076","102.0","4.25","7.5","10.46","0.1077032961426901","10.591549"
"theta020","0.2","-166.9363086307076","102.0","4.25","12.5","11.12","0.1077032961426901","11.027679"
"theta020","0.2","-166.9363086307076","102.0","4.25","17.5","11.31","0.1077032961426901","11.146444"
"theta020","0.2","-166.9363086307076","102.999984","4.291666","2.5","2.98","0.1077032961426901","3.0870342"
"theta020","0.2","-166.9363086307076","102.999984","4.291666","7.5","10.51","0.1077032961426901","10.579585"
"theta020","0.2","-166.9363086307076","102.999984","4.291666","12.5","11.14","0.1077032961426901","11.026689"
"theta020","0.2","-166.9363086307076","102.999984","4.291666","17.5","11.33","0.1077032961426901","11.147003"
"theta020","0.2","-166.9363086307076","104.000016","4.333334","2.5","2.97","0.1077032961426901","3.0811992"
"theta020","0.2","-166.9363086307076","104.000016","4.333334","7.5","10.51","0.1077032961426901","10.567059"
"theta020","0.2","-166.9363086307076","104.000016","4.333334","12.5","11.14","0.1077032961426901","11.025625"
"theta020","0.2","-166.9363086307076","104.000016","4.333334","17.5","11.21","0.1077032961426901","11.147513"
"theta020","0.2","-166.9363086307076","105.0","4.375","2.5","3.02","0.1077032961426901","3.0755296"
"theta020","0.2","-166.9363086307076","105.0","4.375","7.5","10.50","0.1077032961426901","10.553933"
"theta020","0.2","-166.9363086307076","105.0","4.375","12.5","11.11","0.1077032961426901","11.024488"
"theta020","0.2","-166.9363086307076","105.0","4.375","17.5","11.27","0.1077032961426901","11.14798"
"theta020","0.2","-166.9363086307076","105.999984","4.416666","2.5","3.01","0.1077032961426901","3.07002"
"theta020","0.2","-166.9363086307076","105.999984","4.416666","7.5","10.50","0.1077032961426901","10.540167"
"theta020","0.2","-166.9363086307076","105.999984","4.416666","12.5","11.20","0.1077032961426901","11.023278"
"theta020","0.2","-166.9363086307076","105.999984","4.416666","17.5","11.35","0.1077032961426901","11.148398"
"theta020","0.2","-166.9363086307076","107.000016","4.458334","2.5","3.00","0.1077032961426901","3.0646663"
"theta020","0.2","-166.9363086307076","107.000016","4.458334","7.5","10.50","0.1077032961426901","10.525713"
"theta020","0.2","-166.9363086307076","107.000016","4.458334","12.5","11.15","0.1077032961426901","11.021995"
"theta020","0.2","-166.9363086307076","107.000016","4.458334","17.5","11.30","0.1077032961426901","11.148771"
"theta020","0.2","-166.9363086307076","108.0","4.5","2.5","2.95","0.1077032961426901","3.0594654"
"theta020","0.2","-166.9363086307076","108.0","4.5","7.5","10.45","0.1077032961426901","10.510521"
"theta020","0.2","-166.9363086307076","108.0","4.5","12.5","11.17","0.1077032961426901","11.020637"
"theta020","0.2","-166.9363086307076","108.0","4.5","17.5","11.24","0.1077032961426901","11.149098"
"theta020","0.2","-166.9363086307076","108.999984","4.541666","2.5","3.04","0.1077032961426901","3.054412"
"theta020","0.2","-166.9363086307076","108.999984","4.541666","7.5","10.40","0.1077032961426901","10.494534"
"theta020","0.2","-166.9363086307076","108.999984","4.541666","12.5","11.22","0.1077032961426901","11.019203"
"theta020","0.2","-166.9363086307076","108.999984","4.541666","17.5","11.28","0.1077032961426901","11.14938"
"theta020","0.2","-166.9363086307076","110.000016","4.583334","2.5","3.03","0.1077032961426901","3.0495028"
"theta020","0.2","-166.9363086307076","110.000016","4.583334","7.5","10.37","0.1077032961426901","10.477683"
"theta020","0.2","-166.9363086307076","110.000016","4.583334","12.5","11.09","0.1077032961426901","11.017695"
"theta020","0.2","-166.9363086307076","110.000016","4.583334","17.5","11.35","0.1077032961426901","11.149616"
"theta020","0.2","-166.9363086307076","111.0","4.625","2.5","3.04","0.1077032961426901","3.0447342"
"theta020","0.2","-166.9363086307076","111.0","4.625","7.5","10.34","0.1077032961426901","10.459895"
"theta020","0.2","-166.9363086307076","111.0","4.625","12.5","11.30","0.1077032961426901","11.01611"
"theta020","0.2","-166.9363086307076","111.0","4.625","17.5","11.30","0.1077032961426901","11.149808"
"theta020","0.2","-166.9363086307076","111.999984","4.666666","2.5","2.93","0.1077032961426901","3.0401025"
"theta020","0.2","-166.9363086307076","111.999984","4.666666","7.5","10.41","0.1077032961426901","10.441086"
"theta020","0.2","-166.9363086307076","111.999984","4.666666","12.5","11.10","0.1077032961426901","11.014451"
"theta020","0.2","-166.9363086307076","111.999984","4.666666","17.5","11.33","0.1077032961426901","11.149953"
"theta020","0.2","-166.9363086307076","113.000016","4.708334","2.5","2.93","0.1077032961426901","3.0356033"
"theta020","0.2","-166.9363086307076","113.000016","4.708334","7.5","10.34","0.1077032961426901","10.421152"
"theta020","0.2","-166.9363086307076","113.000016","4.708334","12.5","11.10","0.1077032961426901","11.012713"
"theta020","0.2","-166.9363086307076","113.000016","4.708334","17.5","11.35","0.1077032961426901","11.150053"
"theta020","0.2","-166.9363086307076","114.0","4.75","2.5","3.02","0.1077032961426901","3.0312343"
"theta020","0.2","-166.9363086307076","114.0","4.75","7.5","10.22","0.1077032961426901","10.399983"
"theta020","0.2","-166.9363086307076","114.0","4.75","12.5","11.16","0.1077032961426901","11.010898"
"theta020","0.2","-166.9363086307076","114.0","4.75","17.5","11.38","0.1077032961426901","11.150107"
"theta020","0.2","-166.9363086307076","114.999984","4.791666","2.5","2.95","0.1077032961426901","3.0269911"
"theta020","0.2","-166.9363086307076","114.999984","4.791666","7.5","10.22","0.1077032961426901","10.377446"
"theta020","0.2","-166.9363086307076","114.999984","4.791666","12.5","11.16","0.1077032961426901","11.009005"
"theta020","0.2","-166.9363086307076","114.999984","4.791666","17.5","11.29","0.1077032961426901","11.150117"
"theta020","0.2","-166.9363086307076","116.000016","4.833334","2.5","2.95","0.1077032961426901","3.0228708"
"theta020","0.2","-166.9363086307076","116.000016","4.833334","7.5","10.21","0.1077032961426901","10.353378"
"theta020","0.2","-166.9363086307076","116.000016","4.833334","12.5","11.04","0.1077032961426901","11.007031"
"theta020","0.2","-166.9363086307076","116.000016","4.833334","17.5","11.43","0.1077032961426901","11.150084"
"theta020","0.2","-166.9363086307076","117.0","4.875","2.5","3.03","0.1077032961426901","3.01887"
"theta020","0.2","-166.9363086307076","117.0","4.875","7.5","10.27","0.1077032961426901","10.327593"
"theta020","0.2","-166.9363086307076","117.0","4.875","12.5","11.07","0.1077032961426901","11.004979"
"theta020","0.2","-166.9363086307076","117.0","4.875","17.5","11.37","0.1077032961426901","11.150003"
"theta020","0.2","-166.9363086307076","117.999984","4.916666","2.5","2.91","0.1077032961426901","3.0149863"
"theta020","0.2","-166.9363086307076","117.999984","4.916666","7.5","10.18","0.1077032961426901","10.299865"
"theta020","0.2","-166.9363086307076","117.999984","4.916666","12.5","11.12","0.1077032961426901","11.002847"
"theta020","0.2","-166.9363086307076","117.999984","4.916666","17.5","11.33","0.1077032961426901","11.149879"
"theta020","0.2","-166.9363086307076","119.000016","4.958334","2.5","2.99","0.1077032961426901","3.0112157"
"theta020","0.2","-166.9363086307076","119.000016","4.958334","7.5","10.13","0.1077032961426901","10.269914"
"theta020","0.2","-166.9363086307076","119.000016","4.958334","12.5","11.14","0.1077032961426901","11.000632"
"theta020","0.2","-166.9363086307076","119.000016","4.958334","17.5","11.30","0.1077032961426901","11.149712"
"theta020","0.2","-166.9363086307076","120.0","5.0","2.5","2.95","0.1077032961426901","3.007555"
"theta020","0.2","-166.9363086307076","120.0","5.0","7.5","10.16","0.1077032961426901","10.237403"
"theta020","0.2","-166.9363086307076","120.0","5.0","12.5","11.10","0.1077032961426901","10.998336"
"theta020","0.2","-166.9363086307076","120.0","5.0","17.5","11.40","0.1077032961426901","11.149499"
